the,149
of,82
to,79
and,44
in,42
that,34
is,31
for,26
on,25
it,23
tax,21
be,19
are,17
has,17
by,16
an,14
culture,13
which,13
its,13
from,12
but,12
women,12
they,11
as,11
boards,11
digital,11
services,11
france,11
more,10
all,10
have,10
scientific,10
not,9
britain,9
will,9
such,9
year,8
with,8
should,8
been,8
their,8
can,8
publishing,8
companies,8
international,8
town,7
into,7
gender,7
countries,7
than,6
government,6
tech,6
new,5
proposal,5
city,5
could,5
some,5
what,5
people,5
author,5
other,5
free,5
needs,5
publishers,5
access,5
make,5
system,5
costs,5
these,5
few,5
state,5
law,5
board,5
corporate,5
french,5
multinationals,5
award,4
title,4
arts,4
might,4
no,4
who,4
successful,4
private,4
about,4
this,4
paragraph,4
so,4
at,4
last,4
both,4
or,4
following,4
bills,4
measure,4
california,4
against,4
revenue,4
trade,4
unilateral,4
labour,3
among,3
them,3
cooper,3
uk,3
success,3
where,3
towns,3
funding,3
much,3
european,3
glasgow,3
out,3
do,3
self,3
right,3
cooperation,3
between,3
promote,3
economic,3
according,3
only,3
if,3
money,3
scientists,3
need,3
research,3
without,3
work,3
because,3
status,3
papers,3
time,3
profits,3
universities,3
researchers,3
global,3
up,3
now,3
article,3
open,3
economy,3
social,3
learned,3
many,3
little,3
help,3
lewis,3
haddad,3
percent,3
female,3
elite,3
quotas,3
based,3
designed,3
even,3
may,3
increasing,3
share,3
measures,3
united,3
states,3
american,3
current,3
bringing,2
hull,2
her,2
colleagues,2
argue,2
ought,2
true,2
prevented,2
resources,2
become,2
apply,2
capital,2
after,2
world,2
follow,2
also,2
titles,2
run,2
place,2
like,2
prominence,2
benefits,2
community,2
events,2
good,2
aspirations,2
there,2
image,2
hard,2
well,2
sector,2
cultural,2
seen,2
one,2
just,2
supporting,2
local,2
above,2
hope,2
turn,2
increase,2
focus,2
long,2
case,2
towards,2
licence,2
print,2
publish,2
peer,2
review,2
acquisition,2
content,2
market,2
university,2
libraries,2
very,2
report,2
profit,2
when,2
industry,2
existential,2
crisis,2
elsevier,2
claims,2
made,2
while,2
most,2
set,2
paywalled,2
published,2
sci,2
hub,2
users,2
must,2
move,2
ways,2
half,2
terms,2
publication,2
being,2
general,2
steadily,2
model,2
paragraphs,2
does,2
feel,2
concerned,2
reduce,2
over,2
often,2
support,2
mandates,2
way,2
policies,2
average,2
sponsored,2
ensure,2
commissions,2
provide,2
less,2
opportunities,2
seats,2
adopted,2
sex,2
us,2
supreme,2
court,2
unless,2
applies,2
prior,2
likely,2
constitutional,2
equal,2
participation,2
currently,2
number,2
study,2
catalyst,2
corporations,2
membership,2
lead,2
norway,2
nationwide,2
quota,2
led,2
same,2
next,2
raise,2
go,2
role,2
text,2
senate,2
passed,2
impose,2
advertising,2
words,2
multinational,2
significant,2
sanctions,2
taxes,2
response,2
oecd,2
consensus,2
nations,2
giants,2
group,1
mps,1
yvette,1
call,1
institute,1
sit,1
alongside,1
existing,1
was,1
held,1
awarded,1
coventry,1
crown,1
brought,1
220m,1
investment,1
avalanche,1
confined,1
cities,1
applying,1
generally,1
lack,1
put,1
together,1
bid,1
beat,1
bigger,1
competitors,1
argued,1
annual,1
event,1
attracting,1
creating,1
jobs,1
see,1
booby,1
prize,1
fact,1
longer,1
able,1
prestigious,1
sought,1
bagged,1
liverpool,1
cynic,1
speculate,1
verge,1
disappearing,1
endless,1
fever,1
selfcelebration,1
desperation,1
reinvent,1
itself,1
post,1
brexit,1
knows,1
village,1
suburb,1
hamlet,1
wise,1
recall,1
cure,1
badly,1
washes,1
tide,1
spell,1
leaving,1
lasting,1
really,1
holders,1
those,1
great,1
deal,1
fill,1
hotel,1
bedrooms,1
bring,1
highprofile,1
press,1
transform,1
live,1
nudge,1
bolder,1
optimistic,1
light,1
get,1
requires,1
remarkable,1
degree,1
vision,1
authorities,1
groups,1
organisations,1
done,1
certainly,1
complex,1
series,1
factors,1
turned,1
powerhouse,1
art,1
music,1
theatre,1
remains,1
today,1
honouring,1
peculiarities,1
helping,1
sustain,1
high,1
street,1
facilities,1
celebrating,1
jeremy,1
wright,1
secretary,1
welcome,1
positive,1
filled,1
action,1
consolidate,1
ties,1
strength,1
limited,1
regarded,1
sensible,1
compromise,1
deceiving,1
attempt,1
ic,1
eye,1
catching,1
bonus,1
inaccessible,1
target,1
suggests,1
holder,1
endeavours,1
maintain,1
meets,1
brings,1
commits,1
term,1
growth,1
mentioned,1
present,1
laja,1
contrasting,1
example,1
background,1
story,1
related,1
topic,1
attitude,1
skeptical,1
objective,1
favourable,1
critical,1
journals,1
supply,1
articles,1
monetary,1
reward,1
perform,1
specialised,1
central,1
element,1
production,1
knowledge,1
secured,1
publisher,1
find,1
journal,1
until,1
century,1
were,1
price,1
sensitive,1
routinely,1
margins,1
approaching,1
operations,1
rest,1
dutch,1
giant,1
produced,1
900m,1
alone,1
spent,1
210m,1
enable,1
own,1
publicly,1
funded,1
figures,1
seem,1
rise,1
unstoppably,1
despite,1
increasingly,1
desperate,1
efforts,1
change,1
drastic,1
thoroughly,1
illegal,1
reaction,1
emergence,1
scihub,1
kind,1
photocopier,1
offer,1
every,1
since,1
relies,1
passing,1
copies,1
themselves,1
legally,1
accessed,1
shows,1
legal,1
ecosystem,1
lost,1
legitimacy,1
transformed,1
works,1
participants,1
driven,1
bodies,1
british,1
under,1
either,1
freely,1
available,1
moment,1
before,1
placed,1
release,1
yet,1
worked,1
any,1
cheaper,1
responded,1
demand,1
product,1
readers,1
charging,1
writers,1
fees,1
cover,1
preparing,1
range,1
around,1
pointed,1
subscriptions,1
preparation,1
had,1
rising,1
rate,1
inflation,1
resembles,1
internet,1
provided,1
exchange,1
huge,1
big,1
firms,1
places,1
cases,1
we,1
rebalancing,1
power,1
partly,1
enjoyed,1
steady,1
marketing,1
strategy,1
payment,1
reduced,1
nothing,1
thrived,1
mainly,1
gone,1
through,1
revived,1
financed,1
generously,1
how,1
relieved,1
puzzled,1
encouraged,1
allow,1
room,1
render,1
easier,1
cost,1
substantially,1
financial,1
burdens,1
characterises,1
trial,1
subscription,1
offered,1
triumphs,1
controlled,1
feed,1
progressives,1
diversity,1
path,1
equality,1
level,1
playing,1
field,1
too,1
insincere,1
form,1
virtue,1
signaling,1
privileged,1
pair,1
massachusetts,1
senator,1
jason,1
house,1
speaker,1
pro,1
tempore,1
patricia,1
parity,1
point,1
order,1
proposed,1
imposing,1
required,1
aside,1
similar,1
recently,1
became,1
first,1
require,1
signing,1
governor,1
jerry,1
brown,1
admitted,1
expressly,1
classifies,1
basis,1
probably,1
unconstitutional,1
frowns,1
classifications,1
address,1
important,1
policy,1
interest,1
history,1
discrimination,1
courts,1
rule,1
violates,1
guarantee,1
protection,1
necessary,1
mirror,1
percentage,1
population,1
interference,1
increased,1
requiring,1
primary,1
qualification,1
inevitably,1
experienced,1
exactly,1
happened,1
writing,1
republic,1
alice,1
lee,1
notes,1
pool,1
qualified,1
serve,1
golden,1
skirt,1
phenomenon,1
scoop,1
multiple,1
variety,1
somebody,1
pushes,1
equity,1
remember,1
largely,1
serving,1
sponsors,1
believes,1
bias,1
pose,1
threat,1
position,1
politics,1
greatly,1
broaden,1
career,1
options,1
irritated,1
business,1
owners,1
welcomed,1
constitution,1
settle,1
controversies,1
mentions,1
illustrate,1
harm,1
arbitrary,1
decisions,1
importance,1
guarantees,1
pressure,1
needlessness,1
interventions,1
adoption,1
underestimation,1
objection,1
entry,1
unqualified,1
candidates,1
growing,1
tension,1
labor,1
management,1
inferred,1
employment,1
considered,1
feasibility,1
prime,1
concern,1
policymaking,1
everyone,1
try,1
justice,1
major,1
issues,1
legislation,1
thursday,1
would,1
entirely,1
large,1
consumers,1
include,1
everything,1
providing,1
platform,1
selling,1
goods,1
online,1
targeting,1
user,1
data,1
gross,1
politicians,1
media,1
outlets,1
referred,1
gafa,1
meaning,1
primarily,1
google,1
apple,1
facebook,1
amazon,1
awaits,1
signature,1
president,1
emmanuel,1
macron,1
expressed,1
effect,1
within,1
weeks,1
already,1
sparked,1
controversy,1
representative,1
opening,1
investigation,1
whether,1
discriminates,1
country,1
instead,1
part,1
larger,1
trend,1
past,1
years,1
proposing,1
putting,1
alphabet,1
soup,1
provisions,1
included,1
dpt,1
diverted,1
australia,1
maal,1
antiavoidance,1
india,1
sep,1
presence,1
test,1
name,1
union,1
spain,1
several,1
seriously,1
contemplated,1
developments,1
differ,1
specifics,1
income,1
believe,1
rules,1
grant,1
view,1
failed,1
keep,1
organization,1
development,1
working,1
reach,1
end,1
solution,1
involved,1
organisation,1
questions,1
future,1
holds,1
planned,1
clear,1
warning,1
broad,1
reached,1
reforming,1
suit,1
face,1
cascade,1
different,1
dozens,1
prove,1
burdensome,1
costly,1
bill,1
regulate,1
platforms,1
levy,1
protect,1
interests,1
curb,1
influence,1
prompt,1
quit,1
aims,1
ease,1
tensions,1
apt,1
arouse,1
criticism,1
home,1
abroad,1
trigger,1
countermeasures,1
adopting,1
opinion,1
upgrading,1
redistribution,1
ensured,1
monopoly,1
enjoy,1
taxing,1
rights,1
resisted,1
faced,1
uncertain,1
prospects,1
readjusted,1
immediately,1
involve,1
best,1
leads,1
charge,1
confronted,1
demands,1
says,1
