the,165
of,80
to,73
in,50
that,40
and,37
for,25
is,23
on,20
it,19
have,18
be,14
has,13
are,13
with,13
their,13
broadband,13
but,12
as,12
an,11
from,11
they,11
program,11
or,10
ferraro,10
been,9
more,9
its,9
victorians,9
providers,9
fcc,9
can,8
may,8
indonesia,8
was,8
what,8
victorian,8
by,7
who,7
should,7
there,7
not,7
at,7
court,7
rail,6
those,6
this,6
such,6
will,6
service,6
when,6
if,6
order,6
deforestation,6
people,6
poverty,6
study,6
show,6
rules,6
net,6
neutrality,6
train,5
network,5
year,5
also,5
strikes,5
paragraph,5
one,5
ccts,5
programs,5
environment,5
says,5
had,5
out,5
were,5
commission,5
operators,4
become,4
use,4
than,4
why,4
commuters,4
among,4
much,4
poor,4
passengers,4
so,4
even,4
services,4
author,4
local,4
loss,4
which,4
would,4
text,4
money,4
under,4
social,4
reduce,4
cct,4
only,4
based,4
other,4
image,4
photographs,4
smiling,4
could,4
did,4
photography,4
exposure,4
grin,4
state,4
anti,4
appeals,4
how,3
yet,3
fares,3
annual,3
get,3
last,3
must,3
however,3
over,3
all,3
now,3
change,3
long,3
regular,3
antipoverty,3
growth,3
effects,3
alleviation,3
environmental,3
because,3
area,3
view,3
do,3
see,3
forest,3
we,3
against,3
according,3
about,3
us,3
our,3
photographic,3
times,3
take,3
look,3
smile,3
might,3
before,3
does,3
rivals,3
demand,3
online,3
congress,3
britain,2
increase,2
passenger,2
cost,2
rises,2
burden,2
work,2
lower,2
still,2
well,2
measure,2
inflation,2
governments,2
running,2
car,2
stockbroker,2
face,2
too,2
endure,2
relatively,2
past,2
some,2
worst,2
years,2
level,2
latest,2
unions,2
strong,2
action,2
compensation,2
suffered,2
law,2
part,2
problems,2
railways,2
investment,2
needed,2
changed,2
nationalisation,2
off,2
kept,2
pace,2
used,2
down,2
reduction,2
following,2
bring,2
third,2
rate,2
started,2
care,2
inequality,2
re,2
countries,2
don,2
fact,2
often,2
economic,2
correlated,2
degradation,2
while,2
protecting,2
cause,2
mexico,2
traditional,2
them,2
land,2
cattle,2
though,2
rates,2
data,2
during,2
clear,2
rice,2
supplement,2
harvests,2
instead,2
elsewhere,2
transferability,2
good,2
better,2
means,2
preserve,2
require,2
role,2
most,2
protect,2
makes,2
ve,2
19th,2
century,2
quite,2
twitter,2
laugh,2
through,2
need,2
between,2
majority,2
sitters,2
early,2
days,2
thought,2
fixed,2
camera,2
norm,2
slow,2
almost,2
smiles,2
1890s,2
explanation,2
teeth,2
popular,2
hygiene,2
set,2
rare,2
dental,2
mark,2
twain,2
said,2
portraits,2
pictures,2
web,2
companies,2
power,2
preserving,2
innovation,2
internet,2
regulatory,2
federal,2
tuesday,2
providing,2
resolution,2
adopted,2
strict,2
authority,2
argued,2
competitive,2
like,2
own,2
upheld,2
supreme,2
judge,2
patricia,2
millett,2
intervene,2
battles,2
needs,2
traffic,2
competition,2
possibly,1
justify,1
another,1
grimly,1
reliable,1
ritual,1
every,1
january,1
travelling,1
imposing,1
significant,1
extra,1
no,1
option,1
otherwise,1
rise,1
average,1
per,1
cent,1
fraction,1
above,1
official,1
consumer,1
price,1
index,1
cpi,1
successive,1
permitted,1
increases,1
grounds,1
investing,1
borne,1
rather,1
general,1
taxpayer,1
argument,1
goes,1
driving,1
pensioner,1
lincolnshire,1
subsidise,1
daily,1
commute,1
surrey,1
equally,1
sense,1
travails,1
south,1
east,1
many,1
whom,1
biggest,1
received,1
attention,1
compared,1
infrastructure,1
midlands,1
north,1
months,1
experienced,1
very,1
trumpeting,1
improvements,1
making,1
able,1
expect,1
basic,1
substantial,1
sums,1
paying,1
travel,1
responsibility,1
wave,1
rests,1
case,1
affected,1
industrial,1
receive,1
disruption,1
government,1
pledged,1
introduce,1
minimum,1
requirement,1
occur,1
continue,1
operate,1
form,1
wider,1
package,1
measures,1
address,1
yes,1
willing,1
pay,1
indefinitely,1
cramped,1
unreliable,1
interrupted,1
chaos,1
timetables,1
planned,1
maintenance,1
managed,1
incompetently,1
threat,1
seen,1
return,1
vengeance,1
justified,1
anger,1
addressed,1
short,1
holds,1
remains,1
unreasonable,1
big,1
surprise,1
ease,1
stand,1
investors,1
ordinary,1
taxpayers,1
drivers,1
travellers,1
indicated,1
failed,1
provide,1
adequate,1
huge,1
losses,1
owing,1
offering,1
trying,1
repair,1
relations,1
unable,1
calm,1
collapse,1
operations,1
ownership,1
revenue,1
best,1
title,1
blame,1
constant,1
complaining,1
doesn,1
ever,1
rising,1
aren,1
sustainable,1
hope,1
marked,1
row,1
bleak,1
slowed,1
reason,1
turnaround,1
country,1
phasing,1
gives,1
poorest,1
residents,1
certain,1
conditions,1
requiring,1
keep,1
kids,1
school,1
medical,1
called,1
conditional,1
cash,1
transfers,1
these,1
assistance,1
designed,1
break,1
cycle,1
already,1
dozens,1
worldwide,1
provided,1
enough,1
food,1
medicine,1
substantially,1
severe,1
children,1
generally,1
consider,1
protection,1
viewed,1
conflicting,1
goals,1
paul,1
economist,1
johns,1
hopkins,1
university,1
sometimes,1
greater,1
correlations,1
prove,1
effect,1
previous,1
analyzing,1
causality,1
instituted,1
supported,1
got,1
cleared,1
raise,1
meat,1
negatively,1
affect,1
wanted,1
affecting,1
largest,1
tropical,1
world,1
highest,1
analyzed,1
satellite,1
showing,1
including,1
phase,1
forested,1
villages,1
across,1
provinces,1
associated,1
percent,1
likely,1
rural,1
using,1
makeshift,1
insurance,1
policies,1
inclement,1
weather,1
typically,1
rains,1
delayed,1
plant,1
individuals,1
whether,1
research,1
translates,1
anybody,1
guess,1
suggests,1
results,1
transfer,1
parts,1
asia,1
due,1
commonalities,1
importance,1
growing,1
market,1
access,1
regardless,1
shows,1
didn,1
value,1
avoided,1
just,1
carbon,1
dioxide,1
emissions,1
alone,1
costs,1
first,1
two,1
paragraphs,1
aim,1
help,1
families,1
facilitate,1
health,1
reform,1
improve,1
education,1
systems,1
cited,1
rearing,1
major,1
livelihood,1
helped,1
lifestyles,1
tends,1
efforts,1
participation,1
farmers,1
his,1
intends,1
find,1
relation,1
forests,1
climate,1
acceptance,1
valuable,1
boost,1
grain,1
production,1
regional,1
benefit,1
asian,1
centered,1
process,1
debates,1
historian,1
always,1
searching,1
reevaluate,1
preoccupied,1
looking,1
ancestors,1
way,1
shatter,1
prudery,1
found,1
few,1
since,1
posting,1
causing,1
stir,1
surprised,1
evidence,1
fun,1
noting,1
suddenly,1
seem,1
human,1
hundred,1
separate,1
fade,1
away,1
common,1
experience,1
laughter,1
course,1
concede,1
my,1
collection,1
up,1
tiny,1
percentage,1
vast,1
catalogue,1
portraiture,1
created,1
posing,1
miserably,1
stiffly,1
front,1
painted,1
backdrops,1
staring,1
absently,1
into,1
middle,1
distance,1
explain,1
trend,1
1840s,1
1850s,1
notoriously,1
daguerreotype,1
method,1
producing,1
silvered,1
copper,1
plate,1
several,1
minutes,1
complete,1
resulting,1
blurred,1
images,1
shifted,1
position,1
adjusted,1
limbs,1
holding,1
performed,1
magical,1
duties,1
contemplate,1
non,1
committal,1
blank,1
stare,1
became,1
quicker,1
1880s,1
introduction,1
box,1
brownie,1
portable,1
cameras,1
meant,1
today,1
digital,1
standards,1
instantaneous,1
spontaneous,1
easy,1
capture,1
hesitated,1
dignity,1
displayed,1
cheesy,1
nature,1
gave,1
lips,1
conceal,1
ran,1
saying,1
alluding,1
birth,1
proper,1
dentistry,1
mouths,1
shocking,1
flashing,1
healthy,1
clean,1
pearly,1
whites,1
sight,1
society,1
super,1
rich,1
then,1
guaranteed,1
toothy,1
especially,1
gaps,1
blackened,1
lacked,1
class,1
drunks,1
tramps,1
music,1
hall,1
performers,1
gurn,1
wide,1
lewis,1
carrol,1
gum,1
exposing,1
cheshire,1
cat,1
becoming,1
properly,1
bred,1
persons,1
man,1
enjoyed,1
hearty,1
came,1
nothing,1
damning,1
silly,1
foolish,1
forever,1
posts,1
illustrated,1
development,1
highlighted,1
media,1
studies,1
evaluated,1
notion,1
public,1
impression,1
say,1
he,1
collected,1
age,1
different,1
mirror,1
conventions,1
historians,1
inherent,1
sensitiveness,1
tension,1
unhealthy,1
condition,1
distrust,1
new,1
inventions,1
quoted,1
disapproval,1
provoking,1
idea,1
misguided,1
attitude,1
controversial,1
deep,1
rooted,1
belief,1
questions,1
answer,1
stern,1
start,1
differently,1
made,1
develop,1
slowly,1
period,1
post,1
advocates,1
consumers,1
worried,1
cable,1
phone,1
selling,1
connections,1
incentive,1
favor,1
affiliated,1
websites,1
prevent,1
picking,1
winners,1
losers,1
freedom,1
lifeblood,1
impossible,1
fill,1
pushback,1
conservatives,1
courts,1
weighed,1
again,1
badly,1
prolonged,1
fight,1
issue,1
district,1
columbia,1
circuit,1
communications,1
party,1
line,1
vote,1
republican,1
penned,1
eliminated,1
democratic,1
rejected,1
anything,1
declared,1
couldn,1
regulate,1
either,1
agencies,1
behavior,1
conglomerate,1
favoring,1
videostreaming,1
expense,1
netflix,1
apple,1
tv,1
ended,1
investigations,1
imposed,1
caps,1
streaming,1
unanimously,1
deregulating,1
citing,1
ruling,1
similarly,1
deregulatory,1
move,1
rightly,1
concurring,1
opinion,1
result,1
unhinged,1
realities,1
modern,1
avoid,1
trapping,1
regulation,1
technological,1
anachronism,1
meantime,1
threw,1
attempt,1
block,1
preempt,1
individual,1
laws,1
undermine,1
going,1
justice,1
department,1
california,1
enacted,1
tough,1
wake,1
abdication,1
endless,1
legal,1
back,1
forth,1
cry,1
act,1
give,1
explicit,1
once,1
bar,1
meddling,1
create,1
openness,1
concern,1
firms,1
control,1
partiality,1
treating,1
clients,1
intensify,1
faced,1
sticks,1
date,1
takes,1
stance,1
issued,1
special,1
allowed,1
states,1
learned,1
protects,1
unfair,1
engages,1
practices,1
investigation,1
pursuit,1
quality,1
argues,1
decision,1
focuses,1
trivialities,1
conveys,1
ambiguous,1
message,1
odds,1
earlier,1
rulings,1
touch,1
reality,1
argue,1
ensure,1
put,1
supervision,1
diversify,1
rights,1
protected,1
