the,108
of,66
to,64
and,60
in,40
that,31
be,27
their,27
are,25
is,23
it,19
from,17
for,16
an,16
as,15
they,14
will,14
artists,14
have,13
on,13
degree,13
with,12
science,12
plastic,10
art,10
more,10
at,9
not,9
them,9
may,9
scientists,9
managers,9
was,8
has,8
generation,8
some,7
by,7
than,7
this,7
employers,7
work,7
workers,7
can,7
jobs,7
new,7
employment,7
productivity,7
dismissal,7
other,6
but,6
make,6
those,6
what,6
education,6
or,6
when,6
about,6
both,6
business,6
laws,6
plastics,5
because,5
museums,5
objects,5
van,5
oosten,5
if,5
well,5
were,5
technology,5
future,5
paragraph,5
author,5
personal,5
public,5
high,5
unjustified,5
firms,5
change,4
time,4
out,4
into,4
which,4
such,4
certain,4
artifacts,4
how,4
you,4
gilardi,4
nature,4
light,4
school,4
age,4
we,4
research,4
help,4
up,4
need,4
would,4
no,4
graduates,4
one,4
employees,4
should,4
each,4
paid,4
studies,4
between,4
visual,4
must,4
its,4
provisions,4
era,4
procedures,4
ordinary,4
owners,4
protection,4
often,3
too,3
durable,3
preserve,3
risk,3
sculptures,3
first,3
says,3
who,3
she,3
already,3
foam,3
had,3
damage,3
so,3
prevent,3
further,3
preservation,3
today,3
consider,3
degrees,3
longer,3
route,3
uk,3
roles,3
say,3
seeking,3
hiring,3
two,3
career,3
way,3
last,3
collaborations,3
poll,3
said,3
climate,3
communication,3
could,3
grievance,3
zealand,3
act,3
employee,3
cause,3
highly,3
overall,3
staff,3
income,3
people,2
don,2
down,2
over,2
all,2
early,2
especially,2
vulnerable,2
know,2
ingredients,2
polymer,2
few,2
ago,2
worked,2
cultural,2
like,2
wrong,2
object,2
sometimes,2
artist,2
create,2
pieces,2
roses,2
items,2
pumpkins,2
he,2
around,2
used,2
inherently,2
chemicals,2
several,2
even,2
gone,2
display,2
success,2
likely,2
harder,2
old,2
designed,2
increasingly,2
common,2
stake,2
ferreira,2
material,2
ages,2
now,2
decide,2
strong,2
impact,2
seen,2
according,2
difficulties,2
immune,2
challenging,2
scientific,2
us,2
latest,2
undergraduate,2
application,2
form,2
options,2
just,2
point,2
purpose,2
value,2
stage,2
educational,2
millennials,2
decent,2
set,2
life,2
been,2
became,2
social,2
mobility,2
per,2
cent,2
non,2
graduate,2
percentage,2
there,2
parents,2
long,2
advantages,2
leavers,2
themselves,2
many,2
desired,2
specific,2
knowledge,2
postgraduates,2
earn,2
makes,2
different,2
core,2
am,2
define,2
college,2
good,2
job,2
learning,2
these,2
researchers,2
responded,2
result,2
audiences,2
reach,2
reworked,2
version,2
four,2
seasons,2
year,2
performance,2
partnership,2
however,2
do,2
simply,2
nor,2
alliances,2
valuable,2
critique,2
center,2
cavs,2
role,2
founders,2
projects,2
therefore,2
collaboration,2
also,2
challenge,2
go,2
beyond,2
show,2
relations,2
firing,2
dismissals,2
contract,2
management,2
poorly,2
performing,2
earning,2
difference,2
grade,2
protect,2
placing,2
dismissing,2
paradox,2
commission,2
growth,2
society,2
affect,2
wellbeing,2
australia,2
threshold,2
bill,2
following,2
complain,1
water,1
bottles,1
shopping,1
bags,1
trash,1
litter,1
planet,1
mount,1
everest,1
mariana,1
trench,1
everywhere,1
break,1
easily,1
materials,1
crack,1
frizzle,1
weep,1
additives,1
melt,1
sludge,1
creates,1
huge,1
headaches,1
institutions,1
trying,1
culturally,1
important,1
variety,1
dizzying,1
radios,1
avant,1
garde,1
celluloid,1
animation,1
stills,1
disney,1
films,1
artificial,1
heart,1
pioneers,1
didn,1
always,1
mix,1
properly,1
thea,1
chemist,1
until,1
retiring,1
years,1
decades,1
heritage,1
agency,1
netherlands,1
baking,1
cake,1
exact,1
amounts,1
goes,1
bomb,1
fault,1
1960s,1
italian,1
piero,1
began,1
hundreds,1
bright,1
colorful,1
included,1
small,1
beds,1
dozen,1
carpet,1
large,1
rectangles,1
decorated,1
cabbages,1
watermelons,1
wanted,1
viewers,1
walk,1
carpets,1
meant,1
unfortunately,1
polyurethane,1
unstable,1
mid,1
1990s,1
figures,1
splitting,1
crumbling,1
locked,1
away,1
dark,1
her,1
colleagues,1
infused,1
stabilizing,1
consolidating,1
calls,1
sunscreens,1
goal,1
rebuild,1
worn,1
fibers,1
proud,1
again,1
albeit,1
beneath,1
protective,1
cases,1
despite,1
stories,1
get,1
continue,1
deteriorate,1
worse,1
biodegradable,1
disintegrate,1
here,1
individual,1
joana,1
lia,1
assistant,1
professor,1
conservation,1
restoration,1
nova,1
notes,1
archaeologists,1
defined,1
great,1
human,1
history,1
stone,1
iron,1
after,1
examining,1
live,1
collect,1
ll,1
faced,1
maintaining,1
obtaining,1
handling,1
outdated,1
exhibits,1
classifying,1
collections,1
believes,1
decay,1
improperly,1
shaped,1
flawed,1
complex,1
structure,1
stopped,1
exhibiting,1
artworks,1
keep,1
hurting,1
visitors,1
duplicate,1
analyzed,1
thinks,1
costly,1
unworthy,1
unpopular,1
opinion,1
inspire,1
profound,1
historical,1
significance,1
separate,1
lifeas,1
crop,1
students,1
pen,1
weigh,1
worth,1
considering,1
changed,1
start,1
third,1
journey,1
told,1
did,1
got,1
promise,1
found,1
wanting,1
universal,1
devalued,1
secure,1
double,1
average,1
among,1
oecd,1
countries,1
getting,1
rather,1
stress,1
everyone,1
switch,1
classroom,1
lecture,1
hall,1
inevitable,1
available,1
thankfully,1
signs,1
happening,1
learn,1
millennial,1
predecessors,1
teachers,1
tend,1
still,1
mindset,1
prove,1
committed,1
loyal,1
seeing,1
scrapping,1
requirement,1
whom,1
generalists,1
pays,1
skills,1
sense,1
unlikely,1
done,1
constantly,1
skilling,1
throughout,1
stay,1
employable,1
estimated,1
due,1
pressures,1
wish,1
fulfilment,1
desire,1
diversity,1
course,1
working,1
five,1
careers,1
gained,1
campus,1
part,1
trajectory,1
older,1
generations,1
talk,1
present,1
tense,1
geographer,1
classist,1
sons,1
daughters,1
never,1
thing,1
won,1
same,1
suggests,1
careful,1
choosing,1
diligent,1
reassess,1
necessity,1
postpone,1
reflects,1
opinions,1
shrinking,1
discontent,1
considers,1
sign,1
willing,1
skilled,1
taking,1
realistic,1
attitude,1
changing,1
minds,1
advised,1
decision,1
attend,1
training,1
programs,1
team,1
field,1
concluded,1
paragraphs,1
lifelong,1
qualified,1
educators,1
appeal,1
limited,1
choice,1
enlightening,1
stimulating,1
fun,1
words,1
readers,1
describe,1
experiences,1
series,1
articles,1
partnerships,1
nearly,1
roughly,1
accompanying,1
collaborated,1
almost,1
doing,1
encouraging,1
surprising,1
communicate,1
broader,1
audience,1
emotional,1
connections,1
enhance,1
respondent,1
example,1
together,1
rocked,1
senses,1
came,1
month,1
sydney,1
symphony,1
orchestra,1
performed,1
antonio,1
vivaldi,1
reimagined,1
score,1
injecting,1
prediction,1
data,1
season,1
provided,1
monash,1
university,1
hub,1
creative,1
call,1
action,1
ahead,1
november,1
united,1
nations,1
conference,1
glasgow,1
genuine,1
street,1
fewer,1
respondents,1
noted,1
assist,1
requirements,1
considered,1
only,1
study,1
most,1
shared,1
project,1
able,1
jointly,1
design,1
approach,1
prompt,1
powerful,1
half,1
century,1
massachusetts,1
institute,1
opened,1
advanced,1
explore,1
culture,1
deliberately,1
focused,1
hence,1
name,1
something,1
interest,1
basis,1
progressed,1
divided,1
sub,1
disciplines,1
simultaneously,1
looking,1
leading,1
writers,1
poets,1
vice,1
versa,1
findings,1
suggest,1
trend,1
ever,1
sides,1
invest,1
embrace,1
surprise,1
tie,1
ups,1
needs,1
necessary,1
participants,1
fall,1
trap,1
stereotyping,1
alike,1
immersed,1
discovery,1
invention,1
caught,1
attention,1
critics,1
received,1
favorable,1
responses,1
promoted,1
academic,1
publishing,1
sparked,1
heated,1
disputes,1
mentioned,1
offer,1
easy,1
access,1
expression,1
emotions,1
participation,1
promising,1
effective,1
facilitating,1
innovations,1
seem,1
worry,1
underestimated,1
reputation,1
impaired,1
creativity,1
inhibited,1
misguided,1
does,1
headed,1
alternately,1
exemplified,1
aimed,1
advancing,1
sought,1
raise,1
status,1
holds,1
expectations,1
intensify,1
interdisciplinary,1
competition,1
communicating,1
becoming,1
popular,1
beforethe,1
employer,1
without,1
instead,1
justified,1
procedurally,1
fair,1
guard,1
premise,1
law,1
lacked,1
sufficient,1
safeguards,1
against,1
arbitrary,1
conduct,1
days,1
boss,1
give,1
contractual,1
notice,1
businesses,1
applied,1
executives,1
countless,1
boards,1
attest,1
constraining,1
handbrake,1
boosting,1
very,1
failure,1
preserving,1
losing,1
yet,1
mediocrity,1
enough,1
justify,1
consequently,1
paradoxically,1
introduced,1
extent,1
constrain,1
underperforming,1
constraint,1
firm,1
wages,1
indeed,1
international,1
perspective,1
singled,1
low,1
quality,1
managerial,1
capabilities,1
country,1
poor,1
record,1
harm,1
caused,1
costlier,1
fire,1
cautious,1
marginal,1
manager,1
gain,1
pay,1
less,1
carry,1
burden,1
arrangement,1
going,1
suffers,1
excessive,1
protections,1
stringent,1
regulations,1
adversely,1
hamper,1
prosperity,1
across,1
tasman,1
sea,1
deals,1
excluding,1
above,1
specified,1
unfair,1
private,1
members,1
tried,1
permit,1
regime,1
mechanisms,1
proposed,1
unwieldy,1
voted,1
government,1
later,1
intended,1
punish,1
dubious,1
corporate,1
practices,1
improve,1
traditional,1
exempt,1
duties,1
rights,1
learned,1
hinder,1
development,1
undermine,1
authority,1
image,1
worsen,1
labor,1
measures,1
support,1
imposing,1
reasonable,1
wage,1
restraints,1
enforcing,1
limiting,1
powers,1
might,1
effect,1
lose,1
suffer,1
salary,1
cuts,1
sees,1
rise,1
hire,1
inferred,1
secured,1
earnings,1
produced,1
undesired,1
results,1
beneficial,1
difficult,1
put,1
practice,1
