the,129
of,80
to,79
in,60
and,42
is,40
for,26
that,26
are,22
it,21
an,20
their,16
be,15
at,15
as,14
prh,14
journals,14
citation,14
on,13
housing,13
authors,13
with,12
by,12
short,11
term,11
waterstones,11
have,10
state,10
change,10
new,10
citations,10
will,9
climate,9
we,9
rental,9
books,9
texas,8
but,8
science,8
more,8
number,8
papers,8
schools,7
who,7
scientists,7
its,7
not,7
paragraph,7
what,7
can,7
said,7
may,6
this,6
all,6
those,6
such,6
some,6
local,6
market,6
time,6
horn,6
publishers,6
high,5
education,5
how,5
energy,5
many,5
she,5
need,5
you,5
another,5
public,5
year,5
has,5
branch,5
level,5
one,5
if,5
scientific,5
they,5
industry,5
rentals,5
bill,5
support,5
from,5
our,5
big,5
standards,4
there,4
where,4
teachers,4
about,4
last,4
among,4
which,4
was,4
even,4
does,4
issue,4
out,4
off,4
home,4
when,4
published,4
cite,4
other,4
article,4
scopus,4
since,3
board,3
month,3
taught,3
hardy,3
views,3
most,3
dispute,3
like,3
work,3
just,3
says,3
us,3
researchers,3
up,3
teaching,3
states,3
or,3
were,3
including,3
textbooks,3
also,3
being,3
include,3
mentioned,3
policy,3
think,3
low,3
developers,3
further,3
towns,3
supply,3
taylor,3
affordable,3
having,3
hard,3
workers,3
castle,3
so,3
make,3
taxes,3
hotel,3
increase,3
book,3
uk,3
these,3
credit,3
them,3
terms,3
shops,3
list,3
staff,3
writers,3
publishing,3
author,3
each,3
journal,3
service,3
contributors,3
articles,3
editor,3
manipulation,3
do,3
weather,2
recent,2
meeting,2
sector,2
proposed,2
pre,2
working,2
against,2
panic,2
your,2
scholars,2
quinn,2
non,2
profit,2
group,2
reflect,2
across,2
policymakers,2
demands,2
greater,2
study,2
country,2
grade,2
influence,2
widely,2
director,2
only,2
limited,2
well,2
subjects,2
children,2
prominent,2
materials,2
convey,2
consequences,2
shows,2
no,2
according,2
needs,2
communities,2
england,2
been,2
took,2
now,2
prices,2
urgency,2
come,2
buy,2
hampshire,2
vacancy,2
rate,2
already,2
recently,2
illegal,2
create,2
enough,2
place,2
however,2
provide,2
lot,2
tourism,2
people,2
able,2
good,2
why,2
large,2
facilities,2
end,2
potential,2
every,2
register,2
registration,2
requirements,2
following,2
true,2
very,2
strict,2
ensure,2
likely,2
bit,2
same,2
currently,2
problem,2
limit,2
trade,2
told,2
relevant,2
sections,2
spokesperson,2
publisher,2
any,2
customers,2
lower,2
stock,2
sales,2
name,2
suffer,2
mid,2
lesser,2
known,2
merger,2
between,2
reduction,2
lead,2
part,2
literary,2
lownie,2
plurality,2
ways,2
intellectual,2
small,2
current,2
take,2
two,2
publish,2
than,2
quality,2
impact,2
specific,2
paper,2
careers,2
institutions,2
prestige,2
suspicious,2
patterns,2
groups,2
predatory,2
consultancies,2
individual,2
advise,2
add,2
milk,2
type,2
providers,2
international,2
first,2
clients,2
cooled,1
extreme,1
heat,1
temperature,1
austin,1
officials,1
debate,1
pat,1
sympathises,1
resisting,1
changes,1
teen,1
pupils,1
global,1
pushing,1
claims,1
recognise,1
remember,1
bread,1
buttered,1
experts,1
sharply,1
members,1
her,1
casually,1
dismiss,1
career,1
misguided,1
opinion,1
dan,1
senior,1
communications,1
strategist,1
freedom,1
network,1
monitors,1
debates,1
fierce,1
discussions,1
students,1
step,1
focus,1
facts,1
national,1
center,1
looking,1
address,1
classes,1
gave,1
barely,1
half,1
higher,1
worst,1
performers,1
populous,1
given,1
lowest,1
disproportionate,1
because,1
sold,1
elsewhere,1
glenn,1
centre,1
deputy,1
cautions,1
setting,1
benchmark,1
decentralises,1
decisions,1
school,1
boards,1
considered,1
performer,1
mean,1
he,1
while,1
integrated,1
into,1
ages,1
earth,1
space,1
sciences,1
represented,1
curricula,1
younger,1
biology,1
chemistry,1
less,1
social,1
studies,1
courses,1
points,1
growing,1
official,1
guidelines,1
consensus,1
unofficial,1
educational,1
biased,1
perspectives,1
distributed,1
sponsored,1
associations,1
forecast,1
shift,1
stress,1
indicate,1
atmosphere,1
draw,1
attention,1
shortages,1
exaggerates,1
existing,1
denies,1
value,1
concern,1
teens,1
expresses,1
self,1
contradictory,1
insufficient,1
little,1
drive,1
reluctant,1
rewrite,1
environmental,1
lacks,1
supervision,1
__,1
call,1
regular,1
revision,1
require,1
urgent,1
application,1
cater,1
implied,1
agrees,1
major,1
reflects,1
personal,1
biases,1
misrepresent,1
swayed,1
external,1
forces,1
throughout,1
attempting,1
regulate,1
shortterm,1
sites,1
airbnb,1
2010s,1
record,1
historically,1
inventory,1
increased,1
regulation,1
particularly,1
worry,1
swaths,1
flip,1
fortune,1
dropped,1
below,1
percent,1
advocates,1
fear,1
unchecked,1
put,1
pressure,1
strained,1
legislature,1
voted,1
would,1
ve,1
made,1
legislation,1
restricting,1
crisis,1
nick,1
executive,1
workforce,1
coalition,1
seacoast,1
without,1
southern,1
employers,1
attracting,1
employees,1
finding,1
live,1
tourists,1
pointed,1
ryan,1
ceo,1
association,1
realtors,1
servicing,1
tourist,1
serviced,1
coming,1
cyclical,1
effect,1
themselves,1
crux,1
keren,1
expert,1
individuals,1
rent,1
second,1
thing,1
vacation,1
anyway,1
empty,1
money,1
issues,1
arise,1
attempt,1
scale,1
de,1
facto,1
hotels,1
bypass,1
regulations,1
question,1
shouldn,1
developer,1
really,1
building,1
disguising,1
treated,1
taxed,1
regulated,1
governor,1
charlie,1
baker,1
massachusetts,1
signed,1
rein,1
investor,1
buyers,1
requires,1
host,1
mandates,1
carry,1
insurance,1
opens,1
top,1
levy,1
boston,1
things,1
requiring,1
renters,1
city,1
inspectional,1
services,1
department,1
similar,1
could,1
benefit,1
struggling,1
cities,1
want,1
main,1
build,1
funding,1
going,1
slowly,1
under,1
control,1
intended,1
curb,1
speculation,1
cheap,1
punish,1
dealings,1
allow,1
free,1
compared,1
investment,1
management,1
real,1
estate,1
agents,1
favorable,1
emphasize,1
upgrade,1
efficient,1
operation,1
necessity,1
stop,1
evading,1
proper,1
procedures,1
renting,1
spare,1
houses,1
holds,1
imposing,1
irrational,1
decision,1
unfeasible,1
proposal,1
unnecessary,1
measure,1
inadequate,1
solution,1
re,1
heading,1
nearest,1
biggest,1
retailer,1
search,1
duchess,1
sussex,1
bench,1
might,1
prepared,1
hunt,1
around,1
president,1
daughter,1
thriller,1
clinton,1
james,1
patterson,1
both,1
next,1
week,1
penguin,1
random,1
house,1
company,1
involved,1
stand,1
began,1
late,1
confirmed,1
had,1
introduced,1
significant,1
magazine,1
bookseller,1
reported,1
managers,1
remove,1
areas,1
tables,1
display,1
spaces,1
windows,1
quietly,1
retiring,1
declined,1
comment,1
me,1
operating,1
reduced,1
limitations,1
ability,1
boycotting,1
titles,1
doing,1
utmost,1
availability,1
remains,1
despite,1
overall,1
levels,1
hopeful,1
open,1
again,1
normality,1
return,1
allowed,1
appropriately,1
certainly,1
exceptionally,1
busy,1
surpassed,1
meantime,1
losers,1
normally,1
rely,1
passion,1
promoting,1
praying,1
comes,1
worried,1
simon,1
schuster,1
unaligned,1
fewer,1
bidding,1
wars,1
advances,1
conformity,1
wider,1
towards,1
concentration,1
power,1
agent,1
andrew,1
talks,1
diversity,1
delivering,1
contact,1
choice,1
different,1
voices,1
after,1
interesting,1
years,1
shall,1
see,1
whether,1
casualty,1
comers,1
mentions,1
present,1
ongoing,1
conflict,1
concept,1
prevailing,1
sentiment,1
phenomenon,1
did,1
retire,1
easily,1
noticeable,1
comply,1
requirement,1
respond,1
business,1
move,1
arrange,1
systematic,1
way,1
message,1
seem,1
remain,1
loyal,1
removed,1
underestimated,1
rather,1
slack,1
consequence,1
fall,1
considerably,1
become,1
target,1
criticism,1
hesitate,1
promote,1
branches,1
severe,1
revenue,1
statements,1
best,1
represents,1
view,1
ought,1
stick,1
together,1
lose,1
dominance,1
worrying,1
trend,1
recordkeepers,1
progress,1
research,1
millions,1
community,1
measures,1
perceived,1
reflected,1
title,1
factor,1
accumulates,1
reputation,1
depend,1
produce,1
attracted,1
cartels,1
conspire,1
inflate,1
numbers,1
existed,1
long,1
developed,1
algorithm,1
recognize,1
disproportionately,1
frequently,1
factors,1
publications,1
expression,1
behavior,1
emerged,1
called,1
language,1
editorial,1
sometimes,1
advent,1
electronic,1
find,1
outlets,1
resulted,1
thousands,1
birth,1
wasn,1
far,1
behind,1
act,1
cows,1
single,1
series,1
instances,1
absolutely,1
relationship,1
content,1
peculiar,1
supposedly,1
profiting,1
providing,1
practices,1
accrue,1
insidious,1
example,1
acting,1
consultant,1
use,1
least,1
five,1
three,1
universities,1
rampant,1
database,1
includes,1
fact,1
listing,1
seems,1
criterion,1
targeted,1
itself,1
data,1
necessary,1
detect,1
malpractice,1
red,1
flags,1
within,1
wish,1
steer,1
clear,1
cartel,1
activities,1
reviewer,1
asks,1
inappropriate,1
references,1
oblige,1
report,1
request,1
determined,1
works,1
contain,1
times,1
cited,1
status,1
circles,1
tend,1
recommend,1
ask,1
extra,1
function,1
cow,1
boost,1
counts,1
certain,1
help,1
cost,1
instruct,1
readership,1
learned,1
paragraphs,1
fosters,1
competition,1
capability,1
identify,1
hinders,1
growth,1
established,1
prevent,1
should,1
deal,1
manipulators,1
legal,1
action,1
demand,1
apology,1
seek,1
professional,1
advice,1
reveal,1
misconduct,1
