the,37
of,16
to,13
and,12
from,10
managers,9
employment,7
productivity,7
dismissal,7
an,6
be,6
in,6
jobs,6
workers,6
business,6
laws,6
new,5
unjustified,5
firms,5
provisions,4
era,4
employers,4
procedures,4
ordinary,4
that,4
are,4
owners,4
high,4
is,4
on,4
protection,4
it,4
personal,3
grievance,3
zealand,3
act,3
employee,3
cause,3
for,3
by,3
highly,3
paid,3
as,3
overall,3
between,3
may,3
staff,3
employees,3
income,3
relations,2
firing,2
dismissals,2
must,2
both,2
were,2
was,2
contract,2
management,2
when,2
poorly,2
performing,2
earning,2
difference,2
grade,2
or,2
protect,2
placing,2
those,2
at,2
risk,2
dismissing,2
paradox,2
commission,2
out,2
growth,2
because,2
hiring,2
society,2
affect,2
wellbeing,2
australia,2
threshold,2
bill,2
following,2
can,2
has,2
prevent,1
employer,1
without,1
good,1
instead,1
justified,1
show,1
procedurally,1
fair,1
way,1
designed,1
guard,1
premise,1
common,1
law,1
lacked,1
sufficient,1
safeguards,1
against,1
arbitrary,1
conduct,1
long,1
gone,1
days,1
boss,1
could,1
simply,1
give,1
contractual,1
notice,1
but,1
these,1
create,1
difficulties,1
businesses,1
applied,1
executives,1
countless,1
boards,1
will,1
attest,1
constraining,1
handbrake,1
boosting,1
performance,1
very,1
well,1
success,1
failure,1
preserving,1
losing,1
them,1
yet,1
mediocrity,1
no,1
longer,1
enough,1
justify,1
consequently,1
paradoxically,1
introduced,1
if,1
not,1
extent,1
constrain,1
underperforming,1
constraint,1
firm,1
therefore,1
wages,1
indeed,1
international,1
perspective,1
singled,1
low,1
quality,1
managerial,1
capabilities,1
country,1
poor,1
record,1
nor,1
themselves,1
immune,1
harm,1
caused,1
make,1
costlier,1
fire,1
more,1
cautious,1
about,1
this,1
makes,1
harder,1
marginal,1
manager,1
gain,1
pay,1
less,1
carry,1
burden,1
arrangement,1
going,1
wrong,1
also,1
suffers,1
excessive,1
protections,1
stringent,1
job,1
regulations,1
adversely,1
hamper,1
prosperity,1
across,1
tasman,1
sea,1
deals,1
with,1
excluding,1
above,1
specified,1
its,1
unfair,1
private,1
members,1
tried,1
permit,1
regime,1
however,1
mechanisms,1
proposed,1
unwieldy,1
voted,1
down,1
change,1
government,1
later,1
year,1
intended,1
punish,1
dubious,1
corporate,1
practices,1
improve,1
traditional,1
exempt,1
certain,1
duties,1
rights,1
learned,1
paragraph,1
hinder,1
development,1
undermine,1
authority,1
public,1
image,1
worsen,1
labor,1
which,1
measures,1
would,1
support,1
imposing,1
reasonable,1
wage,1
restraints,1
enforcing,1
limiting,1
powers,1
what,1
might,1
effect,1
lose,1
their,1
suffer,1
salary,1
cuts,1
sees,1
rise,1
need,1
hire,1
inferred,1
secured,1
earnings,1
produced,1
undesired,1
results,1
beneficial,1
difficult,1
put,1
into,1
practice,1
